[
{
  "model": "auth.group",
  "pk": 1,
  "fields": {
    "name": "\u0413\u0435\u043e\u043b\u043e\u0433\u0438\u0447\u0435\u0441\u043a\u0438\u0435 \u0438\u0437\u044b\u0441\u043a\u0430\u043d\u0438\u044f",
    "permissions": [
      241,
      242,
      243,
      244,
      229,
      230,
      231,
      232,
      233,
      234,
      235,
      236
    ]
  }
},
{
  "model": "auth.user",
  "pk": 1,
  "fields": {
    "password": "pbkdf2_sha256$180000$ZLX7lsSYKj79$1FIU1bD4Aumfoph8iNhr5kp7mzCc1xIcaRtVSflPJts=",
    "last_login": "2020-11-23T17:16:12.466Z",
    "is_superuser": true,
    "username": "admin",
    "first_name": "",
    "last_name": "",
    "email": "2594501@mail.ru",
    "is_staff": true,
    "is_active": true,
    "date_joined": "2020-08-13T05:28:08.966Z",
    "groups": [],
    "user_permissions": []
  }
},
{
  "model": "auth.user",
  "pk": 2,
  "fields": {
    "password": "pbkdf2_sha256$180000$1w7im4fv0d48$C4RCs9pCI4RELVb9mLj3hPPwAynN0VHqMgYXOF/DNMI=",
    "last_login": "2020-09-11T15:25:38.790Z",
    "is_superuser": false,
    "username": "test",
    "first_name": "",
    "last_name": "",
    "email": "",
    "is_staff": false,
    "is_active": true,
    "date_joined": "2020-09-11T15:22:28.180Z",
    "groups": [],
    "user_permissions": []
  }
},
{
  "model": "auth.user",
  "pk": 3,
  "fields": {
    "password": "pbkdf2_sha256$180000$jBXrG2onuc48$p4hTDvv2bYzELUiHCOhKvbh3ndAbumeqndzU+FXYp70=",
    "last_login": "2020-10-20T11:16:08.519Z",
    "is_superuser": false,
    "username": "ulitsa_stroiteley",
    "first_name": "",
    "last_name": "",
    "email": "",
    "is_staff": false,
    "is_active": true,
    "date_joined": "2020-09-24T08:09:12Z",
    "groups": [],
    "user_permissions": []
  }
},
{
  "model": "auth.user",
  "pk": 4,
  "fields": {
    "password": "pbkdf2_sha256$180000$vE1kyJMVkMF6$oKD3mi9TVyQj0PRJi4Kts/9W8fQJv5jO9swUlBEdKv0=",
    "last_login": "2020-10-24T06:58:09.886Z",
    "is_superuser": false,
    "username": "test_2",
    "first_name": "\u0412\u0430\u0440\u0432\u0430\u0440\u0430",
    "last_name": "",
    "email": "va_tr@mail.ru",
    "is_staff": false,
    "is_active": true,
    "date_joined": "2020-10-22T16:13:25.913Z",
    "groups": [],
    "user_permissions": []
  }
},
{
  "model": "auth.user",
  "pk": 5,
  "fields": {
    "password": "pbkdf2_sha256$180000$j0CEQGXIM7hf$c5Xd6bQgz5qwY+AJATRgQ46ptQY5bInCAmeShNWcPeY=",
    "last_login": null,
    "is_superuser": false,
    "username": "test_3",
    "first_name": "\u0413\u0440\u0438\u0433\u043e\u0440\u0438\u0439",
    "last_name": "",
    "email": "",
    "is_staff": false,
    "is_active": true,
    "date_joined": "2020-10-24T07:31:55.888Z",
    "groups": [],
    "user_permissions": []
  }
},
{
  "model": "auth.user",
  "pk": 6,
  "fields": {
    "password": "pbkdf2_sha256$180000$z27118wMVdRP$UXm9a51jQ755y6DaAXUiAadjU47ASo8gzX6V59SEj4w=",
    "last_login": null,
    "is_superuser": false,
    "username": "test_4",
    "first_name": "\u0413\u0440\u0438\u0433\u043e\u0440\u0438\u0439",
    "last_name": "",
    "email": "",
    "is_staff": false,
    "is_active": true,
    "date_joined": "2020-10-24T07:49:07.330Z",
    "groups": [],
    "user_permissions": []
  }
},
{
  "model": "auth.user",
  "pk": 7,
  "fields": {
    "password": "pbkdf2_sha256$180000$UZQ3uw2vVxtK$iHTpUwzEIbDecPWxW6cXMqzIrJMrHtYSUydHpL7+sFY=",
    "last_login": null,
    "is_superuser": false,
    "username": "test_5",
    "first_name": "\u0413\u0440\u0438\u0433\u043e\u0440\u0438\u0439",
    "last_name": "",
    "email": "",
    "is_staff": false,
    "is_active": true,
    "date_joined": "2020-10-24T07:50:01.581Z",
    "groups": [],
    "user_permissions": []
  }
},
{
  "model": "auth.user",
  "pk": 8,
  "fields": {
    "password": "pbkdf2_sha256$180000$t5WeNnzPthbj$LUohgdXCT8O8VB3XReFhquD8c6K3okws/Q+/m+5UIKI=",
    "last_login": "2020-10-24T07:56:48.247Z",
    "is_superuser": false,
    "username": "test_6",
    "first_name": "",
    "last_name": "",
    "email": "",
    "is_staff": false,
    "is_active": true,
    "date_joined": "2020-10-24T07:56:37.926Z",
    "groups": [],
    "user_permissions": []
  }
},
{
  "model": "auth.user",
  "pk": 9,
  "fields": {
    "password": "pbkdf2_sha256$180000$ilzbV60weG2S$fDBb4+gHmZZjYpyCOBWmMoKcgfflNIcJNm9xfsV+gqo=",
    "last_login": "2020-10-24T08:35:19.868Z",
    "is_superuser": false,
    "username": "test_7",
    "first_name": "",
    "last_name": "",
    "email": "2594501@mail.ru",
    "is_staff": false,
    "is_active": true,
    "date_joined": "2020-10-24T08:35:12.352Z",
    "groups": [],
    "user_permissions": []
  }
},
{
  "model": "sessions.session",
  "pk": "43xwm6sr565ukh5wxher7t1gqee1vzad",
  "fields": {
    "session_data": "ZmJhN2E4N2IyZjU2MDFhNTM1NmQ0YTdkYTA1MjY1ZjhlOTVlYzBkMjp7Il9hdXRoX3VzZXJfaWQiOiIxIiwiX2F1dGhfdXNlcl9iYWNrZW5kIjoiZGphbmdvLmNvbnRyaWIuYXV0aC5iYWNrZW5kcy5Nb2RlbEJhY2tlbmQiLCJfYXV0aF91c2VyX2hhc2giOiJkMTRlY2Y2MTNlNTI5NjBjZTJkNTBlZDUzZWJjZDNiYTRiY2FjNGMyIn0=",
    "expire_date": "2020-09-22T03:18:14.161Z"
  }
},
{
  "model": "sessions.session",
  "pk": "omzf6m7n16xqglazu9euz6vot6zlg3vp",
  "fields": {
    "session_data": "ZmJhN2E4N2IyZjU2MDFhNTM1NmQ0YTdkYTA1MjY1ZjhlOTVlYzBkMjp7Il9hdXRoX3VzZXJfaWQiOiIxIiwiX2F1dGhfdXNlcl9iYWNrZW5kIjoiZGphbmdvLmNvbnRyaWIuYXV0aC5iYWNrZW5kcy5Nb2RlbEJhY2tlbmQiLCJfYXV0aF91c2VyX2hhc2giOiJkMTRlY2Y2MTNlNTI5NjBjZTJkNTBlZDUzZWJjZDNiYTRiY2FjNGMyIn0=",
    "expire_date": "2020-08-27T05:28:48.708Z"
  }
},
{
  "model": "sessions.session",
  "pk": "px4fquir3pvtc87276b2k63uadq2ttig",
  "fields": {
    "session_data": "ZmJhN2E4N2IyZjU2MDFhNTM1NmQ0YTdkYTA1MjY1ZjhlOTVlYzBkMjp7Il9hdXRoX3VzZXJfaWQiOiIxIiwiX2F1dGhfdXNlcl9iYWNrZW5kIjoiZGphbmdvLmNvbnRyaWIuYXV0aC5iYWNrZW5kcy5Nb2RlbEJhY2tlbmQiLCJfYXV0aF91c2VyX2hhc2giOiJkMTRlY2Y2MTNlNTI5NjBjZTJkNTBlZDUzZWJjZDNiYTRiY2FjNGMyIn0=",
    "expire_date": "2020-12-07T17:16:12.470Z"
  }
},
{
  "model": "sessions.session",
  "pk": "smmtzmjgc0lbqeumnzw64le4p51je7o8",
  "fields": {
    "session_data": "ZmJhN2E4N2IyZjU2MDFhNTM1NmQ0YTdkYTA1MjY1ZjhlOTVlYzBkMjp7Il9hdXRoX3VzZXJfaWQiOiIxIiwiX2F1dGhfdXNlcl9iYWNrZW5kIjoiZGphbmdvLmNvbnRyaWIuYXV0aC5iYWNrZW5kcy5Nb2RlbEJhY2tlbmQiLCJfYXV0aF91c2VyX2hhc2giOiJkMTRlY2Y2MTNlNTI5NjBjZTJkNTBlZDUzZWJjZDNiYTRiY2FjNGMyIn0=",
    "expire_date": "2020-10-05T10:10:24.369Z"
  }
},
{
  "model": "sessions.session",
  "pk": "ubxrb1bih0mhzdn1pi1oo7mwug2go0y4",
  "fields": {
    "session_data": "ZmJhN2E4N2IyZjU2MDFhNTM1NmQ0YTdkYTA1MjY1ZjhlOTVlYzBkMjp7Il9hdXRoX3VzZXJfaWQiOiIxIiwiX2F1dGhfdXNlcl9iYWNrZW5kIjoiZGphbmdvLmNvbnRyaWIuYXV0aC5iYWNrZW5kcy5Nb2RlbEJhY2tlbmQiLCJfYXV0aF91c2VyX2hhc2giOiJkMTRlY2Y2MTNlNTI5NjBjZTJkNTBlZDUzZWJjZDNiYTRiY2FjNGMyIn0=",
    "expire_date": "2020-11-18T10:16:36.408Z"
  }
},
{
  "model": "catalog.plan",
  "pk": 1,
  "fields": {
    "title": "New plan",
    "scheme": null,
    "author": 1,
    "checked": false,
    "fasade_wall_area": null
  }
},
{
  "model": "catalog.plan",
  "pk": 2,
  "fields": {
    "title": "New plan2",
    "scheme": null,
    "author": 1,
    "checked": false,
    "fasade_wall_area": null
  }
},
{
  "model": "catalog.plan",
  "pk": 3,
  "fields": {
    "title": "New plan3",
    "scheme": "{\"elements\":[{\"id\":0,\"ids\":[0,1,2,3],\"type\":\"entrance_group\",\"level\":1},{\"id\":1,\"ids\":[4],\"type\":\"wall\",\"subType\":\"bearing_living_outdoor\",\"level\":1,\"limitation\":10},{\"id\":2,\"ids\":[5],\"type\":\"wall\",\"subType\":\"bearing_living_outdoor\",\"level\":1,\"limitation\":10}],\"lines\":[{\"id\":0,\"id0\":0,\"id1\":1},{\"id\":1,\"id0\":1,\"id1\":2},{\"id\":2,\"id0\":2,\"id1\":3},{\"id\":3,\"id0\":3,\"id1\":4},{\"id\":4,\"id0\":5,\"id1\":6,\"distance\":0,\"direction\":\"\"},{\"id\":5,\"id0\":7,\"id1\":8,\"distance\":0,\"direction\":\"\"}],\"points\":[{\"id\":8,\"x\":-2747,\"y\":-2356},{\"id\":5,\"x\":-2747,\"y\":-1163},{\"id\":7,\"x\":-2747,\"y\":-1163},{\"id\":6,\"x\":-1247,\"y\":-1163},{\"id\":0,\"x\":0,\"y\":0},{\"id\":4,\"x\":0,\"y\":0},{\"id\":1,\"x\":2300,\"y\":0},{\"id\":3,\"x\":0,\"y\":1675},{\"id\":2,\"x\":2300,\"y\":1675}],\"vents\":[],\"windows\":[],\"doorWindows\":[],\"openings\":[],\"scale\":\"20.0\",\"zeroPointPadding\":{\"x\":7461,\"y\":3976}}",
    "author": 1,
    "checked": false,
    "fasade_wall_area": null
  }
},
{
  "model": "catalog.plan",
  "pk": 4,
  "fields": {
    "title": "New plan 4",
    "scheme": "{\"elements\":[{\"id\":0,\"ids\":[0],\"type\":\"wall\",\"subType\":\"\",\"level\":1,\"limitation\":10},{\"id\":1,\"ids\":[1],\"type\":\"wall\",\"subType\":\"\",\"level\":1,\"limitation\":10},{\"id\":2,\"ids\":[2],\"type\":\"wall\",\"subType\":\"\",\"level\":1,\"limitation\":10},{\"id\":3,\"ids\":[3],\"type\":\"wall\",\"subType\":\"\",\"level\":1,\"limitation\":10}],\"lines\":[{\"id\":0,\"id0\":0,\"id1\":1,\"distance\":0,\"direction\":\"\"},{\"id\":1,\"id0\":2,\"id1\":3,\"distance\":0,\"direction\":\"\"},{\"id\":2,\"id0\":4,\"id1\":5,\"distance\":0,\"direction\":\"\"},{\"id\":3,\"id0\":6,\"id1\":7,\"distance\":0,\"direction\":\"\"}],\"points\":[{\"id\":0,\"x\":0,\"y\":0},{\"id\":7,\"x\":0,\"y\":0},{\"id\":1,\"x\":4075,\"y\":0},{\"id\":2,\"x\":4075,\"y\":0},{\"id\":5,\"x\":0,\"y\":2875},{\"id\":6,\"x\":0,\"y\":2875},{\"id\":3,\"x\":4075,\"y\":2875},{\"id\":4,\"x\":4075,\"y\":2875}],\"vents\":[],\"windows\":[],\"doorWindows\":[],\"openings\":[],\"scale\":\"27.0\",\"zeroPointPadding\":{\"x\":9588,\"y\":3646}}",
    "author": 1,
    "checked": false,
    "fasade_wall_area": null
  }
},
{
  "model": "catalog.plan",
  "pk": 5,
  "fields": {
    "title": "New plan5",
    "scheme": "",
    "author": 1,
    "checked": false,
    "fasade_wall_area": null
  }
},
{
  "model": "catalog.plan",
  "pk": 6,
  "fields": {
    "title": "New plan6",
    "scheme": null,
    "author": 1,
    "checked": false,
    "fasade_wall_area": null
  }
},
{
  "model": "catalog.plan",
  "pk": 7,
  "fields": {
    "title": "New plan",
    "scheme": "",
    "author": 1,
    "checked": false,
    "fasade_wall_area": null
  }
},
{
  "model": "catalog.plan",
  "pk": 8,
  "fields": {
    "title": "New plan",
    "scheme": "{\"elements\":[{\"id\":0,\"ids\":[0],\"type\":\"wall\",\"subType\":\"bearing_living_outdoor\",\"level\":1,\"limitation\":10},{\"id\":1,\"ids\":[1],\"type\":\"wall\",\"subType\":\"bearing_living_outdoor\",\"level\":1,\"limitation\":10},{\"id\":2,\"ids\":[2],\"type\":\"wall\",\"subType\":\"bearing_living_outdoor\",\"level\":1,\"limitation\":10},{\"id\":3,\"ids\":[3],\"type\":\"wall\",\"subType\":\"bearing_living_outdoor\",\"level\":1,\"limitation\":10},{\"id\":4,\"ids\":[4,5,6,7],\"type\":\"roof\"},{\"id\":5,\"ids\":[8],\"type\":\"wall\",\"subType\":\"bearing_living_indoor\",\"level\":1,\"limitation\":10}],\"lines\":[{\"id\":0,\"id0\":0,\"id1\":1,\"distance\":0,\"direction\":\"\"},{\"id\":1,\"id0\":2,\"id1\":3,\"distance\":0,\"direction\":\"\"},{\"id\":2,\"id0\":4,\"id1\":5,\"distance\":0,\"direction\":\"\"},{\"id\":3,\"id0\":6,\"id1\":7,\"distance\":0,\"direction\":\"\"},{\"id\":4,\"id0\":8,\"id1\":9},{\"id\":5,\"id0\":9,\"id1\":10},{\"id\":6,\"id0\":10,\"id1\":11},{\"id\":7,\"id0\":11,\"id1\":8},{\"id\":8,\"id0\":12,\"id1\":13,\"distance\":0,\"direction\":\"\"}],\"points\":[{\"id\":8,\"x\":-1175,\"y\":-1500,\"is_floor_1\":true,\"is_floor_2\":false,\"is_floor_3\":false,\"height\":1000,\"total_height\":3000},{\"id\":9,\"x\":5150,\"y\":-1500,\"is_floor_1\":true,\"is_floor_2\":false,\"is_floor_3\":false,\"height\":1000,\"total_height\":3000},{\"id\":0,\"x\":0,\"y\":-775},{\"id\":7,\"x\":0,\"y\":-775},{\"id\":12,\"x\":1850,\"y\":-775},{\"id\":1,\"x\":4000,\"y\":-775},{\"id\":2,\"x\":4000,\"y\":-775},{\"id\":5,\"x\":0,\"y\":2225},{\"id\":6,\"x\":0,\"y\":2225},{\"id\":13,\"x\":1850,\"y\":2225},{\"id\":3,\"x\":4000,\"y\":2225},{\"id\":4,\"x\":4000,\"y\":2225},{\"id\":11,\"x\":-1175,\"y\":2900,\"is_floor_1\":true,\"is_floor_2\":false,\"is_floor_3\":false,\"height\":1000,\"total_height\":6000},{\"id\":10,\"x\":5150,\"y\":2900,\"is_floor_1\":true,\"is_floor_2\":false,\"is_floor_3\":false,\"height\":1000,\"total_height\":6000}],\"vents\":[],\"windows\":[],\"doorWindows\":[],\"openings\":[],\"scale\":\"27.0\",\"zeroPointPadding\":{\"x\":9294,\"y\":4866}}",
    "author": 1,
    "checked": false,
    "fasade_wall_area": null
  }
},
{
  "model": "catalog.plan",
  "pk": 9,
  "fields": {
    "title": "New plan7",
    "scheme": "{\"elements\":[{\"id\":0,\"ids\":[0],\"type\":\"wall\",\"subType\":\"bearing_living_outdoor\",\"level\":1,\"limitation\":10},{\"id\":1,\"ids\":[1],\"type\":\"wall\",\"subType\":\"bearing_living_outdoor\",\"level\":1,\"limitation\":10},{\"id\":2,\"ids\":[2],\"type\":\"wall\",\"subType\":\"bearing_living_outdoor\",\"level\":1,\"limitation\":10},{\"id\":3,\"ids\":[3],\"type\":\"wall\",\"subType\":\"bearing_living_outdoor\",\"level\":1,\"limitation\":10},{\"id\":4,\"ids\":[4,5,6,7],\"type\":\"roof\"}],\"lines\":[{\"id\":0,\"id0\":0,\"id1\":1,\"distance\":0,\"direction\":\"\"},{\"id\":1,\"id0\":2,\"id1\":3,\"distance\":0,\"direction\":\"\"},{\"id\":2,\"id0\":4,\"id1\":5,\"distance\":0,\"direction\":\"\"},{\"id\":3,\"id0\":6,\"id1\":7,\"distance\":0,\"direction\":\"\"},{\"id\":4,\"id0\":8,\"id1\":9},{\"id\":5,\"id0\":9,\"id1\":10},{\"id\":6,\"id0\":10,\"id1\":11},{\"id\":7,\"id0\":11,\"id1\":8}],\"points\":[{\"id\":8,\"x\":-2360,\"y\":-34},{\"id\":9,\"x\":8640,\"y\":-34},{\"id\":0,\"x\":-1360,\"y\":966},{\"id\":7,\"x\":-1360,\"y\":966},{\"id\":1,\"x\":7640,\"y\":966},{\"id\":2,\"x\":7640,\"y\":966},{\"id\":5,\"x\":-1360,\"y\":3966},{\"id\":6,\"x\":-1360,\"y\":3966},{\"id\":3,\"x\":7640,\"y\":3966},{\"id\":4,\"x\":7640,\"y\":3966},{\"id\":11,\"x\":-2360,\"y\":4966,\"is_floor_1\":true,\"is_floor_2\":false,\"is_floor_3\":false,\"height\":0,\"total_height\":3000},{\"id\":10,\"x\":8640,\"y\":4966}],\"vents\":[],\"windows\":[{\"id\":0,\"line_id\":3,\"distance\":1564,\"height\":1500,\"width\":1500,\"top\":220}],\"balconyGroups\":[{\"line_id\":1,\"distance\":1692,\"settings\":{\"firstWindowWidth\":1500,\"firstWindowBottom\":800,\"secondWindowWidth\":1500,\"secondWindowBottom\":800,\"doorWidth\":900,\"doorBottom\":100,\"top\":220,\"doorHeight\":2100}}],\"openings\":[{\"line_id\":2,\"distance\":2817,\"settings\":{\"width\":1500,\"top\":220}}],\"scale\":\"36.0\",\"zeroPointPadding\":{\"x\":10836,\"y\":4925}}",
    "author": null,
    "checked": false,
    "fasade_wall_area": null
  }
},
{
  "model": "catalog.plan",
  "pk": 10,
  "fields": {
    "title": "New plan8",
    "scheme": "{\"elements\":[{\"id\":0,\"ids\":[0],\"type\":\"wall\",\"subType\":\"\",\"level\":1,\"limitation\":10},{\"id\":1,\"ids\":[1],\"type\":\"wall\",\"subType\":\"\",\"level\":1,\"limitation\":10},{\"id\":2,\"ids\":[2],\"type\":\"wall\",\"subType\":\"\",\"level\":1,\"limitation\":10},{\"id\":3,\"ids\":[3],\"type\":\"wall\",\"subType\":\"\",\"level\":1,\"limitation\":10},{\"id\":4,\"ids\":[4,5,6,7],\"type\":\"roof\"}],\"lines\":[{\"id\":0,\"id0\":0,\"id1\":1,\"distance\":0,\"direction\":\"\"},{\"id\":1,\"id0\":2,\"id1\":3,\"distance\":0,\"direction\":\"\"},{\"id\":2,\"id0\":4,\"id1\":5,\"distance\":0,\"direction\":\"\"},{\"id\":3,\"id0\":6,\"id1\":7,\"distance\":0,\"direction\":\"\"},{\"id\":4,\"id0\":8,\"id1\":9},{\"id\":5,\"id0\":9,\"id1\":10},{\"id\":6,\"id0\":10,\"id1\":11},{\"id\":7,\"id0\":11,\"id1\":8}],\"points\":[{\"id\":8,\"x\":-1611,\"y\":-1604,\"is_floor_1\":true,\"is_floor_2\":false,\"is_floor_3\":false,\"height\":0,\"total_height\":3000},{\"id\":9,\"x\":5318,\"y\":-1604},{\"id\":0,\"x\":-266,\"y\":-700},{\"id\":7,\"x\":-266,\"y\":-700},{\"id\":1,\"x\":4389,\"y\":-700},{\"id\":2,\"x\":4389,\"y\":-700},{\"id\":5,\"x\":-266,\"y\":2300},{\"id\":6,\"x\":-266,\"y\":2300},{\"id\":3,\"x\":4389,\"y\":2300},{\"id\":4,\"x\":4389,\"y\":2300},{\"id\":11,\"x\":-1611,\"y\":3184,\"is_floor_1\":true,\"is_floor_2\":false,\"is_floor_3\":false,\"height\":0,\"total_height\":3000},{\"id\":10,\"x\":5318,\"y\":3184}],\"vents\":[],\"windows\":[],\"balconyGroups\":[],\"openings\":[],\"scale\":\"38.0\",\"zeroPointPadding\":{\"x\":12783,\"y\":3732}}",
    "author": null,
    "checked": false,
    "fasade_wall_area": null
  }
},
{
  "model": "catalog.plan",
  "pk": 11,
  "fields": {
    "title": "\u041d\u043e\u0432\u044b\u0439 \u043f\u0440\u043e\u0435\u043a\u0442",
    "scheme": null,
    "author": null,
    "checked": false,
    "fasade_wall_area": null
  }
},
{
  "model": "catalog.plan",
  "pk": 12,
  "fields": {
    "title": "\u041d\u043e\u0432\u044b\u0439 \u043f\u0440\u043e\u0435\u043a\u0442",
    "scheme": null,
    "author": null,
    "checked": false,
    "fasade_wall_area": null
  }
},
{
  "model": "catalog.plan",
  "pk": 13,
  "fields": {
    "title": "\u041d\u043e\u0432\u044b\u0439 \u043f\u0440\u043e\u0435\u043a\u0442",
    "scheme": null,
    "author": null,
    "checked": false,
    "fasade_wall_area": null
  }
},
{
  "model": "catalog.plan",
  "pk": 14,
  "fields": {
    "title": "\u041d\u043e\u0432\u044b\u0439 \u043f\u0440\u043e\u0435\u043a\u0442",
    "scheme": null,
    "author": null,
    "checked": false,
    "fasade_wall_area": null
  }
},
{
  "model": "catalog.plan",
  "pk": 15,
  "fields": {
    "title": "\u041d\u043e\u0432\u044b\u0439 \u043f\u0440\u043e\u0435\u043a\u0442",
    "scheme": null,
    "author": null,
    "checked": false,
    "fasade_wall_area": null
  }
},
{
  "model": "catalog.plan",
  "pk": 16,
  "fields": {
    "title": "\u041d\u043e\u0432\u044b\u0439 \u043f\u0440\u043e\u0435\u043a\u04422",
    "scheme": null,
    "author": null,
    "checked": false,
    "fasade_wall_area": null
  }
},
{
  "model": "catalog.plan",
  "pk": 17,
  "fields": {
    "title": "\u041d\u043e\u0432\u044b\u0439 \u043f\u0440\u043e\u0435\u043a\u0442",
    "scheme": null,
    "author": null,
    "checked": false,
    "fasade_wall_area": null
  }
},
{
  "model": "catalog.plan",
  "pk": 18,
  "fields": {
    "title": "\u041d\u043e\u0432\u044b\u0439 \u043f\u0440\u043e\u0435\u043a\u0442",
    "scheme": null,
    "author": null,
    "checked": false,
    "fasade_wall_area": null
  }
},
{
  "model": "catalog.plan",
  "pk": 19,
  "fields": {
    "title": "\u041d\u043e\u0432\u044b\u0439 \u043f\u0440\u043e\u0435\u043a\u0442",
    "scheme": null,
    "author": 1,
    "checked": false,
    "fasade_wall_area": null
  }
},
{
  "model": "catalog.plan",
  "pk": 20,
  "fields": {
    "title": "\u041d\u043e\u0432\u044b\u0439 \u043f\u0440\u043e\u0435\u043a\u04422",
    "scheme": null,
    "author": 1,
    "checked": false,
    "fasade_wall_area": null
  }
},
{
  "model": "catalog.plan",
  "pk": 21,
  "fields": {
    "title": "\u041d\u043e\u0432\u044b\u0439 \u043f\u0440\u043e\u0435\u043a\u0442 \u0412\u0430\u0440\u0438",
    "scheme": null,
    "author": 4,
    "checked": false,
    "fasade_wall_area": null
  }
},
{
  "model": "catalog.plan",
  "pk": 22,
  "fields": {
    "title": "\u041d\u043e\u0432\u044b\u0439 \u043f\u0440\u043e\u0435\u043a\u0442 \u0442\u0435\u0441\u0442\u0430 7",
    "scheme": null,
    "author": 9,
    "checked": false,
    "fasade_wall_area": null
  }
},
{
  "model": "catalog.plan",
  "pk": 23,
  "fields": {
    "title": "\u041d\u043e\u0432\u044b\u0439 \u043f\u0440\u043e\u0435\u043a\u04427",
    "scheme": null,
    "author": 1,
    "checked": false,
    "fasade_wall_area": null
  }
},
{
  "model": "catalog.plan",
  "pk": 24,
  "fields": {
    "title": "\u041d\u043e\u0432\u044b\u0439 \u043f\u0440\u043e\u0435\u043a\u04428",
    "scheme": null,
    "author": 1,
    "checked": false,
    "fasade_wall_area": null
  }
},
{
  "model": "materials.walltype",
  "pk": 1,
  "fields": {
    "identifyer": "outdoor_bearing",
    "name": "\u041d\u0430\u0440\u0443\u0436\u043d\u044b\u0435 \u043d\u0435\u0441\u0443\u0449\u0438\u0435 \u0441\u0442\u0435\u043d\u044b"
  }
},
{
  "model": "materials.walltype",
  "pk": 2,
  "fields": {
    "identifyer": "indoor_bearing",
    "name": "\u0412\u043d\u0443\u0442\u0440\u0435\u043d\u043d\u0438\u0435 \u043d\u0435\u0441\u0443\u0449\u0438\u0435 \u0441\u0442\u0435\u043d\u044b"
  }
},
{
  "model": "materials.walltype",
  "pk": 3,
  "fields": {
    "identifyer": "partition_light",
    "name": "\u041f\u0435\u0440\u0435\u0433\u043e\u0440\u043e\u0434\u043a\u0438 (\u043d\u0435 \u0434\u043b\u044f \u0442\u044f\u0436\u0435\u043b\u043e\u0433\u043e \u043d\u0430\u0432\u0435\u0441\u043d\u043e\u0433\u043e)"
  }
},
{
  "model": "materials.walltype",
  "pk": 4,
  "fields": {
    "identifyer": "partition_load",
    "name": "\u041f\u0435\u0440\u0435\u0433\u043e\u0440\u043e\u0434\u043a\u0438, \u0441\u043f\u043e\u0441\u043e\u0431\u043d\u044b\u0435 \u0434\u0435\u0440\u0436\u0430\u0442\u044c \u0442\u044f\u0436\u0435\u043b\u043e\u0435 \u043d\u0430\u0432\u0435\u0441\u043d\u043e\u0435"
  }
},
{
  "model": "materials.rockwallmaterialunit",
  "pk": 2,
  "fields": {
    "name": "brick",
    "material": "ceramic",
    "manufacturer": 7,
    "greater_size": 250,
    "middle_size": 120,
    "small_size": 65,
    "thermal_conductivity": 1.0,
    "one_story_thickness": null,
    "two_story_thickness": null,
    "designed_for_backing": false,
    "designed_for_backing_with_decorative_face": false,
    "designed_for_facing": true,
    "texture": 1,
    "texture_settings": "",
    "body_type": "solid",
    "wall_type": [
      1,
      2,
      3,
      4
    ]
  }
},
{
  "model": "suppliers.manufacturer",
  "pk": 7,
  "fields": {
    "alias": "\u0410\u043b\u0435\u043a\u0441\u0435\u0435\u0432\u0441\u043a\u0438\u0439",
    "name": "\u0410\u043b\u0435\u043a\u0441\u0435\u0435\u0432\u0441\u043a\u0438\u0439 \u043a\u0438\u0440\u043f\u0438\u0447\u043d\u044b\u0439 \u0437\u0430\u0432\u043e\u0434",
    "city": 1,
    "brand": 1
  }
},
{
  "model": "suppliers.manufacturer",
  "pk": 8,
  "fields": {
    "alias": "\u041a\u043e\u0449\u0430\u043a\u043e\u0432\u0441\u043a\u0438\u0439",
    "name": "\u041a\u043e\u0449\u0430\u043a\u043e\u0432\u0441\u043a\u0438\u0439 \u043a\u0438\u0440\u043f\u0438\u0447\u043d\u044b\u0439 \u0437\u0430\u0432\u043e\u0434",
    "city": 2,
    "brand": null
  }
},
{
  "model": "geography.city",
  "pk": 1,
  "fields": {
    "name": "\u0410\u043b\u0435\u043a\u0441\u0435\u0435\u0432\u0441\u043a",
    "region": 1,
    "heating_period_duration": 215,
    "heating_period_temperature": -5.2
  }
},
{
  "model": "geography.city",
  "pk": 2,
  "fields": {
    "name": "\u041a\u043e\u0449\u0430\u043a\u043e\u0432\u043e",
    "region": 1,
    "heating_period_duration": 215,
    "heating_period_temperature": -5.2
  }
},
{
  "model": "geography.city",
  "pk": 3,
  "fields": {
    "name": "\u041a\u0430\u0437\u0430\u043d\u044c",
    "region": 1,
    "heating_period_duration": 215,
    "heating_period_temperature": -5.2
  }
},
{
  "model": "geography.country",
  "pk": 1,
  "fields": {
    "name": "\u0420\u043e\u0441\u0441\u0438\u044f"
  }
},
{
  "model": "geography.region",
  "pk": 1,
  "fields": {
    "name": "\u0422\u0430\u0442\u0430\u0440\u0441\u0442\u0430\u043d",
    "code": 16,
    "country": 1
  }
},
{
  "model": "legal.legalentity",
  "pk": 1,
  "fields": {
    "name": "\u0418\u0437\u044b\u0441\u043a\u0430\u0442\u044c. \u0421\u043f\u0440\u043e\u0435\u043a\u0442\u0438\u0440\u043e\u0432\u0430\u0442\u044c. \u041f\u043e\u0441\u0442\u0440\u043e\u0438\u0442\u044c",
    "INN": 1659009607,
    "form": "l",
    "administrator": [
      1
    ]
  }
},
{
  "model": "brands.brand",
  "pk": 1,
  "fields": {
    "name": "\u0410\u043b\u0435\u043a\u0441\u0435\u0435\u0432\u0441\u043a\u0430\u044f \u043a\u0435\u0440\u0430\u043c\u0438\u043a\u0430"
  }
},
{
  "model": "graphics.texture",
  "pk": 1,
  "fields": {
    "json": "",
    "anyfile": ""
  }
},
{
  "model": "admin.logentry",
  "pk": 1,
  "fields": {
    "action_time": "2020-09-11T15:22:28.553Z",
    "user": 1,
    "content_type": 5,
    "object_id": "2",
    "object_repr": "test",
    "action_flag": 1,
    "change_message": "[{\"added\": {}}]"
  }
},
{
  "model": "admin.logentry",
  "pk": 2,
  "fields": {
    "action_time": "2020-09-24T06:21:48.050Z",
    "user": 1,
    "content_type": 43,
    "object_id": "1",
    "object_repr": " \u0422\u0438\u043f \u0441\u0442\u0435\u043d\u044b \u0422\u043e\u043b\u044c\u043a\u043e \u043d\u0430\u0440\u0443\u0436\u043d\u0430\u044f \u043d\u0435\u0441\u0443\u0449\u0430\u044f \u0441\u0442\u0435\u043d\u0430",
    "action_flag": 1,
    "change_message": "[{\"added\": {}}]"
  }
},
{
  "model": "admin.logentry",
  "pk": 3,
  "fields": {
    "action_time": "2020-09-24T06:24:11.723Z",
    "user": 1,
    "content_type": 43,
    "object_id": "2",
    "object_repr": " \u0422\u0438\u043f \u0441\u0442\u0435\u043d\u044b \u0412\u043d\u0443\u0442\u0440\u0435\u043d\u043d\u044f\u044f \u043d\u0435\u0441\u0443\u0449\u0430\u044f \u0441\u0442\u0435\u043d\u0430",
    "action_flag": 1,
    "change_message": "[{\"added\": {}}]"
  }
},
{
  "model": "admin.logentry",
  "pk": 4,
  "fields": {
    "action_time": "2020-09-24T06:24:27.218Z",
    "user": 1,
    "content_type": 43,
    "object_id": "1",
    "object_repr": " \u0422\u0438\u043f \u0441\u0442\u0435\u043d\u044b \u041d\u0430\u0440\u0443\u0436\u043d\u0430\u044f \u043d\u0435\u0441\u0443\u0449\u0430\u044f \u0441\u0442\u0435\u043d\u0430",
    "action_flag": 2,
    "change_message": "[{\"changed\": {\"fields\": [\"Name\"]}}]"
  }
},
{
  "model": "admin.logentry",
  "pk": 5,
  "fields": {
    "action_time": "2020-09-24T06:25:58.010Z",
    "user": 1,
    "content_type": 43,
    "object_id": "3",
    "object_repr": " \u0422\u0438\u043f \u0441\u0442\u0435\u043d\u044b \u041f\u0435\u0440\u0435\u0433\u043e\u0440\u043e\u0434\u043a\u0438 (\u043d\u0435 \u0434\u043b\u044f \u0442\u044f\u0436\u0435\u043b\u043e\u0433\u043e \u043d\u0430\u0432\u0435\u0441\u043d\u043e\u0433\u043e)",
    "action_flag": 1,
    "change_message": "[{\"added\": {}}]"
  }
},
{
  "model": "admin.logentry",
  "pk": 6,
  "fields": {
    "action_time": "2020-09-24T06:26:54.233Z",
    "user": 1,
    "content_type": 43,
    "object_id": "4",
    "object_repr": " \u0422\u0438\u043f \u0441\u0442\u0435\u043d\u044b \u041f\u0435\u0440\u0435\u0433\u043e\u0440\u043e\u0434\u043a\u0438, \u0441\u043f\u043e\u0441\u043e\u0431\u043d\u044b\u0435 \u0434\u0435\u0440\u0436\u0430\u0442\u044c \u0442\u044f\u0436\u0435\u043b\u043e\u0435 \u043d\u0430\u0432\u0435\u0441\u043d\u043e\u0435",
    "action_flag": 1,
    "change_message": "[{\"added\": {}}]"
  }
},
{
  "model": "admin.logentry",
  "pk": 7,
  "fields": {
    "action_time": "2020-09-24T06:30:56.838Z",
    "user": 1,
    "content_type": 43,
    "object_id": "1",
    "object_repr": " \u0422\u0438\u043f \u0441\u0442\u0435\u043d\u044b \u041d\u0430\u0440\u0443\u0436\u043d\u044b\u0435 \u043d\u0435\u0441\u0443\u0449\u0438\u0435 \u0441\u0442\u0435\u043d\u044b",
    "action_flag": 2,
    "change_message": "[{\"changed\": {\"fields\": [\"Name\"]}}]"
  }
},
{
  "model": "admin.logentry",
  "pk": 8,
  "fields": {
    "action_time": "2020-09-24T06:31:06.430Z",
    "user": 1,
    "content_type": 43,
    "object_id": "2",
    "object_repr": " \u0422\u0438\u043f \u0441\u0442\u0435\u043d\u044b \u0412\u043d\u0443\u0442\u0440\u0435\u043d\u043d\u0438\u0435 \u043d\u0435\u0441\u0443\u0449\u0438\u0435 \u0441\u0442\u0435\u043d\u044b",
    "action_flag": 2,
    "change_message": "[{\"changed\": {\"fields\": [\"Name\"]}}]"
  }
},
{
  "model": "admin.logentry",
  "pk": 9,
  "fields": {
    "action_time": "2020-09-24T06:31:35.682Z",
    "user": 1,
    "content_type": 43,
    "object_id": "3",
    "object_repr": " \u0422\u0438\u043f \u0441\u0442\u0435\u043d\u044b \u041f\u0435\u0440\u0435\u0433\u043e\u0440\u043e\u0434\u043a\u0438 (\u043d\u0435 \u0434\u043b\u044f \u0442\u044f\u0436\u0435\u043b\u043e\u0433\u043e \u043d\u0430\u0432\u0435\u0441\u043d\u043e\u0433\u043e)",
    "action_flag": 2,
    "change_message": "[{\"changed\": {\"fields\": [\"Identifyer\"]}}]"
  }
},
{
  "model": "admin.logentry",
  "pk": 10,
  "fields": {
    "action_time": "2020-09-24T06:32:05.334Z",
    "user": 1,
    "content_type": 43,
    "object_id": "1",
    "object_repr": " \u0422\u0438\u043f \u0441\u0442\u0435\u043d\u044b \u041d\u0430\u0440\u0443\u0436\u043d\u044b\u0435 \u043d\u0435\u0441\u0443\u0449\u0438\u0435 \u0441\u0442\u0435\u043d\u044b",
    "action_flag": 2,
    "change_message": "[{\"changed\": {\"fields\": [\"Identifyer\"]}}]"
  }
},
{
  "model": "admin.logentry",
  "pk": 11,
  "fields": {
    "action_time": "2020-09-24T06:39:00.993Z",
    "user": 1,
    "content_type": 27,
    "object_id": "1",
    "object_repr": "\u0420\u043e\u0441\u0441\u0438\u044f",
    "action_flag": 1,
    "change_message": "[{\"added\": {}}]"
  }
},
{
  "model": "admin.logentry",
  "pk": 12,
  "fields": {
    "action_time": "2020-09-24T06:39:03.095Z",
    "user": 1,
    "content_type": 28,
    "object_id": "1",
    "object_repr": "\u0422\u0430\u0442\u0430\u0440\u0441\u0442\u0430\u043d",
    "action_flag": 1,
    "change_message": "[{\"added\": {}}]"
  }
},
{
  "model": "admin.logentry",
  "pk": 13,
  "fields": {
    "action_time": "2020-09-24T06:41:01.373Z",
    "user": 1,
    "content_type": 29,
    "object_id": "1",
    "object_repr": "\u0410\u043b\u0435\u043a\u0441\u0435\u0435\u0432\u0441\u043a",
    "action_flag": 1,
    "change_message": "[{\"added\": {}}]"
  }
},
{
  "model": "admin.logentry",
  "pk": 14,
  "fields": {
    "action_time": "2020-09-24T07:23:58.715Z",
    "user": 1,
    "content_type": 30,
    "object_id": "1",
    "object_repr": "\u0410\u043b\u0435\u043a\u0441\u0435\u0435\u0432\u0441\u043a\u0430\u044f \u043a\u0435\u0440\u0430\u043c\u0438\u043a\u0430",
    "action_flag": 1,
    "change_message": "[{\"added\": {}}]"
  }
},
{
  "model": "admin.logentry",
  "pk": 15,
  "fields": {
    "action_time": "2020-09-24T07:27:08.344Z",
    "user": 1,
    "content_type": 26,
    "object_id": "7",
    "object_repr": "\u0410\u043b\u0435\u043a\u0441\u0435\u0435\u0432\u0441\u043a\u0438\u0439 \u043a\u0438\u0440\u043f\u0438\u0447\u043d\u044b\u0439 \u0437\u0430\u0432\u043e\u0434",
    "action_flag": 1,
    "change_message": "[{\"added\": {}}]"
  }
},
{
  "model": "admin.logentry",
  "pk": 16,
  "fields": {
    "action_time": "2020-09-24T07:47:03.371Z",
    "user": 1,
    "content_type": 21,
    "object_id": "1",
    "object_repr": "1, \u0410\u043b\u0435\u043a\u0441\u0435\u0435\u0432\u0441\u043a\u0438\u0439 \u043a\u0438\u0440\u043f\u0438\u0447\u043d\u044b\u0439 \u0437\u0430\u0432\u043e\u0434, brick, ceramic, wall",
    "action_flag": 1,
    "change_message": "[{\"added\": {}}]"
  }
},
{
  "model": "admin.logentry",
  "pk": 17,
  "fields": {
    "action_time": "2020-09-24T07:48:13.397Z",
    "user": 1,
    "content_type": 29,
    "object_id": "2",
    "object_repr": "\u041a\u043e\u0449\u0430\u043a\u043e\u0432\u043e",
    "action_flag": 1,
    "change_message": "[{\"added\": {}}]"
  }
},
{
  "model": "admin.logentry",
  "pk": 18,
  "fields": {
    "action_time": "2020-09-24T07:48:20.739Z",
    "user": 1,
    "content_type": 26,
    "object_id": "8",
    "object_repr": "\u041a\u043e\u0449\u0430\u043a\u043e\u0432\u0441\u043a\u0438\u0439 \u043a\u0438\u0440\u043f\u0438\u0447\u043d\u044b\u0439 \u0437\u0430\u0432\u043e\u0434",
    "action_flag": 1,
    "change_message": "[{\"added\": {}}]"
  }
},
{
  "model": "admin.logentry",
  "pk": 19,
  "fields": {
    "action_time": "2020-09-24T07:48:56.544Z",
    "user": 1,
    "content_type": 21,
    "object_id": "2",
    "object_repr": "2, \u041a\u043e\u0449\u0430\u043a\u043e\u0432\u0441\u043a\u0438\u0439 \u043a\u0438\u0440\u043f\u0438\u0447\u043d\u044b\u0439 \u0437\u0430\u0432\u043e\u0434, brick, ceramic, wall",
    "action_flag": 1,
    "change_message": "[{\"added\": {}}]"
  }
},
{
  "model": "admin.logentry",
  "pk": 20,
  "fields": {
    "action_time": "2020-09-24T07:51:42.024Z",
    "user": 1,
    "content_type": 25,
    "object_id": "1",
    "object_repr": "\u0423\u043b\u0438\u0446\u0430 \u0441\u0442\u0440\u043e\u0438\u0442\u0435\u043b\u0435\u0439",
    "action_flag": 1,
    "change_message": "[{\"added\": {}}]"
  }
},
{
  "model": "admin.logentry",
  "pk": 21,
  "fields": {
    "action_time": "2020-09-24T08:08:01.331Z",
    "user": 1,
    "content_type": 25,
    "object_id": "1",
    "object_repr": "\u0423\u043b\u0438\u0446\u0430 \u0441\u0442\u0440\u043e\u0438\u0442\u0435\u043b\u0435\u0439",
    "action_flag": 3,
    "change_message": ""
  }
},
{
  "model": "admin.logentry",
  "pk": 22,
  "fields": {
    "action_time": "2020-09-24T08:09:12.727Z",
    "user": 1,
    "content_type": 5,
    "object_id": "3",
    "object_repr": "ulitsa_stroiteley",
    "action_flag": 1,
    "change_message": "[{\"added\": {}}]"
  }
},
{
  "model": "admin.logentry",
  "pk": 23,
  "fields": {
    "action_time": "2020-09-24T08:09:30.403Z",
    "user": 1,
    "content_type": 5,
    "object_id": "3",
    "object_repr": "ulitsa_stroiteley",
    "action_flag": 2,
    "change_message": "[]"
  }
},
{
  "model": "admin.logentry",
  "pk": 24,
  "fields": {
    "action_time": "2020-09-24T08:10:06.956Z",
    "user": 1,
    "content_type": 29,
    "object_id": "3",
    "object_repr": "\u041a\u0430\u0437\u0430\u043d\u044c",
    "action_flag": 1,
    "change_message": "[{\"added\": {}}]"
  }
},
{
  "model": "admin.logentry",
  "pk": 25,
  "fields": {
    "action_time": "2020-09-24T08:14:11.526Z",
    "user": 1,
    "content_type": 1,
    "object_id": "1",
    "object_repr": "Profile for user ulitsa_stroiteley",
    "action_flag": 1,
    "change_message": "[{\"added\": {}}]"
  }
},
{
  "model": "admin.logentry",
  "pk": 26,
  "fields": {
    "action_time": "2020-09-24T08:31:48.768Z",
    "user": 1,
    "content_type": 40,
    "object_id": "1",
    "object_repr": "1, \u0410\u043b\u0435\u043a\u0441\u0435\u0435\u0432\u0441\u043a\u0438\u0439 \u043a\u0438\u0440\u043f\u0438\u0447\u043d\u044b\u0439 \u0437\u0430\u0432\u043e\u0434, brick, ceramic, wall, 9.0, ulitsa_stroiteley",
    "action_flag": 1,
    "change_message": "[{\"added\": {}}]"
  }
},
{
  "model": "admin.logentry",
  "pk": 27,
  "fields": {
    "action_time": "2020-11-04T10:40:57.048Z",
    "user": 1,
    "content_type": 4,
    "object_id": "1",
    "object_repr": "\u0413\u0435\u043e\u043b\u043e\u0433\u0438\u0447\u0435\u0441\u043a\u0438\u0435 \u0438\u0437\u044b\u0441\u043a\u0430\u043d\u0438\u044f",
    "action_flag": 1,
    "change_message": "[{\"added\": {}}]"
  }
},
{
  "model": "admin.logentry",
  "pk": 28,
  "fields": {
    "action_time": "2020-11-04T10:42:27.640Z",
    "user": 1,
    "content_type": 4,
    "object_id": "1",
    "object_repr": "\u0413\u0435\u043e\u043b\u043e\u0433\u0438\u0447\u0435\u0441\u043a\u0438\u0435 \u0438\u0437\u044b\u0441\u043a\u0430\u043d\u0438\u044f",
    "action_flag": 2,
    "change_message": "[{\"changed\": {\"fields\": [\"Permissions\"]}}]"
  }
},
{
  "model": "admin.logentry",
  "pk": 29,
  "fields": {
    "action_time": "2020-11-05T07:58:39.775Z",
    "user": 1,
    "content_type": 48,
    "object_id": "9",
    "object_repr": "\u041a\u0430\u0434\u0430\u0441\u0442\u0440\u043e\u0432\u044b\u0439 \u043d\u043e\u043c\u0435\u0440 12:15:1501002:20, \u0441\u043e\u0431\u0441\u0442\u0432\u0435\u043d\u043d\u0438\u043a: None  ",
    "action_flag": 3,
    "change_message": ""
  }
},
{
  "model": "admin.logentry",
  "pk": 30,
  "fields": {
    "action_time": "2020-11-05T07:58:39.779Z",
    "user": 1,
    "content_type": 48,
    "object_id": "8",
    "object_repr": "\u041a\u0430\u0434\u0430\u0441\u0442\u0440\u043e\u0432\u044b\u0439 \u043d\u043e\u043c\u0435\u0440 12:15:1501002:20, \u0441\u043e\u0431\u0441\u0442\u0432\u0435\u043d\u043d\u0438\u043a: None  ",
    "action_flag": 3,
    "change_message": ""
  }
},
{
  "model": "admin.logentry",
  "pk": 31,
  "fields": {
    "action_time": "2020-11-05T07:58:39.782Z",
    "user": 1,
    "content_type": 48,
    "object_id": "7",
    "object_repr": "\u041a\u0430\u0434\u0430\u0441\u0442\u0440\u043e\u0432\u044b\u0439 \u043d\u043e\u043c\u0435\u0440 12:15:1501002:20, \u0441\u043e\u0431\u0441\u0442\u0432\u0435\u043d\u043d\u0438\u043a: None  ",
    "action_flag": 3,
    "change_message": ""
  }
},
{
  "model": "admin.logentry",
  "pk": 32,
  "fields": {
    "action_time": "2020-11-05T07:58:39.785Z",
    "user": 1,
    "content_type": 48,
    "object_id": "6",
    "object_repr": "\u041a\u0430\u0434\u0430\u0441\u0442\u0440\u043e\u0432\u044b\u0439 \u043d\u043e\u043c\u0435\u0440 12:15:1501002:20, \u0441\u043e\u0431\u0441\u0442\u0432\u0435\u043d\u043d\u0438\u043a: None  ",
    "action_flag": 3,
    "change_message": ""
  }
},
{
  "model": "admin.logentry",
  "pk": 33,
  "fields": {
    "action_time": "2020-11-05T07:58:39.787Z",
    "user": 1,
    "content_type": 48,
    "object_id": "5",
    "object_repr": "\u041a\u0430\u0434\u0430\u0441\u0442\u0440\u043e\u0432\u044b\u0439 \u043d\u043e\u043c\u0435\u0440 12:15:1501002:20, \u0441\u043e\u0431\u0441\u0442\u0432\u0435\u043d\u043d\u0438\u043a: None  ",
    "action_flag": 3,
    "change_message": ""
  }
},
{
  "model": "admin.logentry",
  "pk": 34,
  "fields": {
    "action_time": "2020-11-05T07:58:39.789Z",
    "user": 1,
    "content_type": 48,
    "object_id": "4",
    "object_repr": "\u041a\u0430\u0434\u0430\u0441\u0442\u0440\u043e\u0432\u044b\u0439 \u043d\u043e\u043c\u0435\u0440 12:15:1501002:20, \u0441\u043e\u0431\u0441\u0442\u0432\u0435\u043d\u043d\u0438\u043a: None  ",
    "action_flag": 3,
    "change_message": ""
  }
},
{
  "model": "admin.logentry",
  "pk": 35,
  "fields": {
    "action_time": "2020-11-05T07:58:39.793Z",
    "user": 1,
    "content_type": 48,
    "object_id": "3",
    "object_repr": "\u041a\u0430\u0434\u0430\u0441\u0442\u0440\u043e\u0432\u044b\u0439 \u043d\u043e\u043c\u0435\u0440 12:15:1501002:20, \u0441\u043e\u0431\u0441\u0442\u0432\u0435\u043d\u043d\u0438\u043a: None  ",
    "action_flag": 3,
    "change_message": ""
  }
},
{
  "model": "admin.logentry",
  "pk": 36,
  "fields": {
    "action_time": "2020-11-05T07:58:39.796Z",
    "user": 1,
    "content_type": 48,
    "object_id": "2",
    "object_repr": "\u041a\u0430\u0434\u0430\u0441\u0442\u0440\u043e\u0432\u044b\u0439 \u043d\u043e\u043c\u0435\u0440 12:15:1501002:20, \u0441\u043e\u0431\u0441\u0442\u0432\u0435\u043d\u043d\u0438\u043a: None  ",
    "action_flag": 3,
    "change_message": ""
  }
},
{
  "model": "admin.logentry",
  "pk": 37,
  "fields": {
    "action_time": "2020-11-05T07:58:39.798Z",
    "user": 1,
    "content_type": 48,
    "object_id": "1",
    "object_repr": "\u041a\u0430\u0434\u0430\u0441\u0442\u0440\u043e\u0432\u044b\u0439 \u043d\u043e\u043c\u0435\u0440 12:15:1501002:20, \u0441\u043e\u0431\u0441\u0442\u0432\u0435\u043d\u043d\u0438\u043a: None  ",
    "action_flag": 3,
    "change_message": ""
  }
},
{
  "model": "admin.logentry",
  "pk": 38,
  "fields": {
    "action_time": "2020-11-05T08:32:13.214Z",
    "user": 1,
    "content_type": 4,
    "object_id": "1",
    "object_repr": "\u0413\u0435\u043e\u043b\u043e\u0433\u0438\u0447\u0435\u0441\u043a\u0438\u0435 \u0438\u0437\u044b\u0441\u043a\u0430\u043d\u0438\u044f",
    "action_flag": 2,
    "change_message": "[{\"changed\": {\"fields\": [\"Permissions\"]}}]"
  }
},
{
  "model": "admin.logentry",
  "pk": 39,
  "fields": {
    "action_time": "2020-11-05T09:50:46.875Z",
    "user": 1,
    "content_type": 1,
    "object_id": "6",
    "object_repr": "Profile for user admin",
    "action_flag": 1,
    "change_message": "[{\"added\": {}}]"
  }
},
{
  "model": "admin.logentry",
  "pk": 40,
  "fields": {
    "action_time": "2020-11-05T09:58:30.625Z",
    "user": 1,
    "content_type": 44,
    "object_id": "1",
    "object_repr": "\u0418\u0437\u044b\u0441\u043a\u0430\u0442\u044c. \u0421\u043f\u0440\u043e\u0435\u043a\u0442\u0438\u0440\u043e\u0432\u0430\u0442\u044c. \u041f\u043e\u0441\u0442\u0440\u043e\u0438\u0442\u044c",
    "action_flag": 1,
    "change_message": "[{\"added\": {}}]"
  }
},
{
  "model": "admin.logentry",
  "pk": 41,
  "fields": {
    "action_time": "2020-11-05T10:05:11.143Z",
    "user": 1,
    "content_type": 44,
    "object_id": "1",
    "object_repr": "\u0418\u0437\u044b\u0441\u043a\u0430\u0442\u044c. \u0421\u043f\u0440\u043e\u0435\u043a\u0442\u0438\u0440\u043e\u0432\u0430\u0442\u044c. \u041f\u043e\u0441\u0442\u0440\u043e\u0438\u0442\u044c",
    "action_flag": 2,
    "change_message": "[{\"changed\": {\"fields\": [\"\\u041f\\u043e\\u043b\\u044c\\u0437\\u043e\\u0432\\u0430\\u0442\\u0435\\u043b\\u044c, \\u0430\\u0434\\u043c\\u0438\\u043d\\u0438\\u0441\\u0442\\u0440\\u0438\\u0440\\u0443\\u044e\\u0449\\u0438\\u0439 \\u0434\\u0430\\u043d\\u043d\\u043e\\u0435 \\u044e\\u0440\\u043b\\u0438\\u0446\\u043e \\u0432 \\u0441\\u0438\\u0441\\u0442\\u0435\\u043c\\u0435\"]}}]"
  }
},
{
  "model": "admin.logentry",
  "pk": 42,
  "fields": {
    "action_time": "2020-11-05T10:17:15.667Z",
    "user": 1,
    "content_type": 46,
    "object_id": "1",
    "object_repr": "\u0423\u0447\u0430\u0441\u0442\u043e\u043a \u041a\u0430\u0434\u0430\u0441\u0442\u0440\u043e\u0432\u044b\u0439 \u043d\u043e\u043c\u0435\u0440 12:15:1501002:20, \u041a\u043e\u0442\u0442\u0435\u0434\u0436\u043d\u044b\u0439 \u043f\u043e\u0441\u0435\u043b\u043e\u043a: None, \u0441\u043e\u0431\u0441\u0442\u0432\u0435\u043d\u043d\u0438\u043a: admin  , \u0437\u0430\u043a\u0430\u0437\u0447\u0438\u043a test ",
    "action_flag": 3,
    "change_message": ""
  }
},
{
  "model": "admin.logentry",
  "pk": 43,
  "fields": {
    "action_time": "2020-11-05T11:29:27.235Z",
    "user": 1,
    "content_type": 46,
    "object_id": "2",
    "object_repr": "\u0423\u0447\u0430\u0441\u0442\u043e\u043a \u041a\u0430\u0434\u0430\u0441\u0442\u0440\u043e\u0432\u044b\u0439 \u043d\u043e\u043c\u0435\u0440 12:15:1501002:20, \u041a\u043e\u0442\u0442\u0435\u0434\u0436\u043d\u044b\u0439 \u043f\u043e\u0441\u0435\u043b\u043e\u043a: None, \u0441\u043e\u0431\u0441\u0442\u0432\u0435\u043d\u043d\u0438\u043a: admin  , \u0437\u0430\u043a\u0430\u0437\u0447\u0438\u043a admin ",
    "action_flag": 2,
    "change_message": "[{\"changed\": {\"fields\": [\"\\u0417\\u0430\\u043a\\u0430\\u0437\\u0447\\u0438\\u043a \\u0438\\u0437\\u044b\\u0441\\u043a\\u0430\\u043d\\u0438\\u044f\"]}}]"
  }
},
{
  "model": "admin.logentry",
  "pk": 44,
  "fields": {
    "action_time": "2020-11-05T14:45:29.218Z",
    "user": 1,
    "content_type": 46,
    "object_id": "4",
    "object_repr": "\u0423\u0447\u0430\u0441\u0442\u043e\u043a \u041a\u0430\u0434\u0430\u0441\u0442\u0440\u043e\u0432\u044b\u0439 \u043d\u043e\u043c\u0435\u0440 12:15:1501002:20, \u041a\u043e\u0442\u0442\u0435\u0434\u0436\u043d\u044b\u0439 \u043f\u043e\u0441\u0435\u043b\u043e\u043a: None, \u0441\u043e\u0431\u0441\u0442\u0432\u0435\u043d\u043d\u0438\u043a: admin  , \u0437\u0430\u043a\u0430\u0437\u0447\u0438\u043a test ",
    "action_flag": 3,
    "change_message": ""
  }
},
{
  "model": "admin.logentry",
  "pk": 45,
  "fields": {
    "action_time": "2020-11-05T14:45:29.225Z",
    "user": 1,
    "content_type": 46,
    "object_id": "3",
    "object_repr": "\u0423\u0447\u0430\u0441\u0442\u043e\u043a \u041a\u0430\u0434\u0430\u0441\u0442\u0440\u043e\u0432\u044b\u0439 \u043d\u043e\u043c\u0435\u0440 12:15:1501002:20, \u041a\u043e\u0442\u0442\u0435\u0434\u0436\u043d\u044b\u0439 \u043f\u043e\u0441\u0435\u043b\u043e\u043a: None, \u0441\u043e\u0431\u0441\u0442\u0432\u0435\u043d\u043d\u0438\u043a: admin  , \u0437\u0430\u043a\u0430\u0437\u0447\u0438\u043a test ",
    "action_flag": 3,
    "change_message": ""
  }
},
{
  "model": "admin.logentry",
  "pk": 46,
  "fields": {
    "action_time": "2020-11-05T14:45:41.998Z",
    "user": 1,
    "content_type": 48,
    "object_id": "11",
    "object_repr": "\u041a\u0430\u0434\u0430\u0441\u0442\u0440\u043e\u0432\u044b\u0439 \u043d\u043e\u043c\u0435\u0440 12:15:1501002:20, \u041a\u043e\u0442\u0442\u0435\u0434\u0436\u043d\u044b\u0439 \u043f\u043e\u0441\u0435\u043b\u043e\u043a: None, \u0441\u043e\u0431\u0441\u0442\u0432\u0435\u043d\u043d\u0438\u043a: admin  ",
    "action_flag": 3,
    "change_message": ""
  }
},
{
  "model": "admin.logentry",
  "pk": 47,
  "fields": {
    "action_time": "2020-11-06T12:29:16.578Z",
    "user": 1,
    "content_type": 46,
    "object_id": "2",
    "object_repr": "\u0423\u0447\u0430\u0441\u0442\u043e\u043a \u041a\u0430\u0434\u0430\u0441\u0442\u0440\u043e\u0432\u044b\u0439 \u043d\u043e\u043c\u0435\u0440 12:15:1501002:20, \u041a\u043e\u0442\u0442\u0435\u0434\u0436\u043d\u044b\u0439 \u043f\u043e\u0441\u0435\u043b\u043e\u043a: None, \u0441\u043e\u0431\u0441\u0442\u0432\u0435\u043d\u043d\u0438\u043a: admin  , \u0437\u0430\u043a\u0430\u0437\u0447\u0438\u043a admin ",
    "action_flag": 3,
    "change_message": ""
  }
},
{
  "model": "admin.logentry",
  "pk": 48,
  "fields": {
    "action_time": "2020-11-06T12:29:16.588Z",
    "user": 1,
    "content_type": 46,
    "object_id": "1",
    "object_repr": "\u0423\u0447\u0430\u0441\u0442\u043e\u043a \u041a\u0430\u0434\u0430\u0441\u0442\u0440\u043e\u0432\u044b\u0439 \u043d\u043e\u043c\u0435\u0440 12:15:1501002:20, \u041a\u043e\u0442\u0442\u0435\u0434\u0436\u043d\u044b\u0439 \u043f\u043e\u0441\u0435\u043b\u043e\u043a: None, \u0441\u043e\u0431\u0441\u0442\u0432\u0435\u043d\u043d\u0438\u043a: admin  , \u0437\u0430\u043a\u0430\u0437\u0447\u0438\u043a admin ",
    "action_flag": 3,
    "change_message": ""
  }
},
{
  "model": "admin.logentry",
  "pk": 49,
  "fields": {
    "action_time": "2020-11-11T13:54:01.706Z",
    "user": 1,
    "content_type": 46,
    "object_id": "11",
    "object_repr": "\u0423\u0447\u0430\u0441\u0442\u043e\u043a \u041a\u0430\u0434\u0430\u0441\u0442\u0440\u043e\u0432\u044b\u0439 \u043d\u043e\u043c\u0435\u0440 12:15:1501002:20, \u041a\u043e\u0442\u0442\u0435\u0434\u0436\u043d\u044b\u0439 \u043f\u043e\u0441\u0435\u043b\u043e\u043a: None, \u0441\u043e\u0431\u0441\u0442\u0432\u0435\u043d\u043d\u0438\u043a: admin  , \u0437\u0430\u043a\u0430\u0437\u0447\u0438\u043a admin ",
    "action_flag": 3,
    "change_message": ""
  }
},
{
  "model": "admin.logentry",
  "pk": 50,
  "fields": {
    "action_time": "2020-11-11T13:54:01.762Z",
    "user": 1,
    "content_type": 46,
    "object_id": "10",
    "object_repr": "\u0423\u0447\u0430\u0441\u0442\u043e\u043a \u041a\u0430\u0434\u0430\u0441\u0442\u0440\u043e\u0432\u044b\u0439 \u043d\u043e\u043c\u0435\u0440 12:15:1501002:20, \u041a\u043e\u0442\u0442\u0435\u0434\u0436\u043d\u044b\u0439 \u043f\u043e\u0441\u0435\u043b\u043e\u043a: None, \u0441\u043e\u0431\u0441\u0442\u0432\u0435\u043d\u043d\u0438\u043a: admin  , \u0437\u0430\u043a\u0430\u0437\u0447\u0438\u043a admin ",
    "action_flag": 3,
    "change_message": ""
  }
},
{
  "model": "admin.logentry",
  "pk": 51,
  "fields": {
    "action_time": "2020-11-11T13:54:01.764Z",
    "user": 1,
    "content_type": 46,
    "object_id": "9",
    "object_repr": "\u0423\u0447\u0430\u0441\u0442\u043e\u043a \u041a\u0430\u0434\u0430\u0441\u0442\u0440\u043e\u0432\u044b\u0439 \u043d\u043e\u043c\u0435\u0440 12:15:1501002:20, \u041a\u043e\u0442\u0442\u0435\u0434\u0436\u043d\u044b\u0439 \u043f\u043e\u0441\u0435\u043b\u043e\u043a: None, \u0441\u043e\u0431\u0441\u0442\u0432\u0435\u043d\u043d\u0438\u043a: admin  , \u0437\u0430\u043a\u0430\u0437\u0447\u0438\u043a test ",
    "action_flag": 3,
    "change_message": ""
  }
},
{
  "model": "admin.logentry",
  "pk": 52,
  "fields": {
    "action_time": "2020-11-11T13:54:01.766Z",
    "user": 1,
    "content_type": 46,
    "object_id": "8",
    "object_repr": "\u0423\u0447\u0430\u0441\u0442\u043e\u043a \u041a\u0430\u0434\u0430\u0441\u0442\u0440\u043e\u0432\u044b\u0439 \u043d\u043e\u043c\u0435\u0440 12:15:1501002:20, \u041a\u043e\u0442\u0442\u0435\u0434\u0436\u043d\u044b\u0439 \u043f\u043e\u0441\u0435\u043b\u043e\u043a: None, \u0441\u043e\u0431\u0441\u0442\u0432\u0435\u043d\u043d\u0438\u043a: admin  , \u0437\u0430\u043a\u0430\u0437\u0447\u0438\u043a test ",
    "action_flag": 3,
    "change_message": ""
  }
},
{
  "model": "admin.logentry",
  "pk": 53,
  "fields": {
    "action_time": "2020-11-11T13:54:01.768Z",
    "user": 1,
    "content_type": 46,
    "object_id": "7",
    "object_repr": "\u0423\u0447\u0430\u0441\u0442\u043e\u043a \u041a\u0430\u0434\u0430\u0441\u0442\u0440\u043e\u0432\u044b\u0439 \u043d\u043e\u043c\u0435\u0440 12:15:1501002:20, \u041a\u043e\u0442\u0442\u0435\u0434\u0436\u043d\u044b\u0439 \u043f\u043e\u0441\u0435\u043b\u043e\u043a: None, \u0441\u043e\u0431\u0441\u0442\u0432\u0435\u043d\u043d\u0438\u043a: admin  , \u0437\u0430\u043a\u0430\u0437\u0447\u0438\u043a test ",
    "action_flag": 3,
    "change_message": ""
  }
},
{
  "model": "admin.logentry",
  "pk": 54,
  "fields": {
    "action_time": "2020-11-11T13:54:01.779Z",
    "user": 1,
    "content_type": 46,
    "object_id": "6",
    "object_repr": "\u0423\u0447\u0430\u0441\u0442\u043e\u043a \u041a\u0430\u0434\u0430\u0441\u0442\u0440\u043e\u0432\u044b\u0439 \u043d\u043e\u043c\u0435\u0440 12:15:1501002:20, \u041a\u043e\u0442\u0442\u0435\u0434\u0436\u043d\u044b\u0439 \u043f\u043e\u0441\u0435\u043b\u043e\u043a: None, \u0441\u043e\u0431\u0441\u0442\u0432\u0435\u043d\u043d\u0438\u043a: admin  , \u0437\u0430\u043a\u0430\u0437\u0447\u0438\u043a test ",
    "action_flag": 3,
    "change_message": ""
  }
},
{
  "model": "admin.logentry",
  "pk": 55,
  "fields": {
    "action_time": "2020-11-11T13:54:01.781Z",
    "user": 1,
    "content_type": 46,
    "object_id": "5",
    "object_repr": "\u0423\u0447\u0430\u0441\u0442\u043e\u043a \u041a\u0430\u0434\u0430\u0441\u0442\u0440\u043e\u0432\u044b\u0439 \u043d\u043e\u043c\u0435\u0440 12:15:1501002:20, \u041a\u043e\u0442\u0442\u0435\u0434\u0436\u043d\u044b\u0439 \u043f\u043e\u0441\u0435\u043b\u043e\u043a: None, \u0441\u043e\u0431\u0441\u0442\u0432\u0435\u043d\u043d\u0438\u043a: admin  , \u0437\u0430\u043a\u0430\u0437\u0447\u0438\u043a ulitsa_stroiteley ",
    "action_flag": 3,
    "change_message": ""
  }
},
{
  "model": "admin.logentry",
  "pk": 56,
  "fields": {
    "action_time": "2020-11-11T13:54:10.815Z",
    "user": 1,
    "content_type": 46,
    "object_id": "3",
    "object_repr": "\u0423\u0447\u0430\u0441\u0442\u043e\u043a \u041a\u0430\u0434\u0430\u0441\u0442\u0440\u043e\u0432\u044b\u0439 \u043d\u043e\u043c\u0435\u0440 12:15:1501002:20, \u041a\u043e\u0442\u0442\u0435\u0434\u0436\u043d\u044b\u0439 \u043f\u043e\u0441\u0435\u043b\u043e\u043a: None, \u0441\u043e\u0431\u0441\u0442\u0432\u0435\u043d\u043d\u0438\u043a: admin  , \u0437\u0430\u043a\u0430\u0437\u0447\u0438\u043a admin ",
    "action_flag": 3,
    "change_message": ""
  }
},
{
  "model": "admin.logentry",
  "pk": 57,
  "fields": {
    "action_time": "2020-11-11T13:54:25.031Z",
    "user": 1,
    "content_type": 49,
    "object_id": "1",
    "object_repr": "\u0421\u043b\u043e\u0439 \u0433\u0440\u0443\u043d\u0442\u0430 \u2116 1 ",
    "action_flag": 3,
    "change_message": ""
  }
},
{
  "model": "admin.logentry",
  "pk": 58,
  "fields": {
    "action_time": "2020-11-11T13:59:15.620Z",
    "user": 1,
    "content_type": 46,
    "object_id": "12",
    "object_repr": "\u0423\u0447\u0430\u0441\u0442\u043e\u043a \u041a\u0430\u0434\u0430\u0441\u0442\u0440\u043e\u0432\u044b\u0439 \u043d\u043e\u043c\u0435\u0440 12:15:1501002:20, \u041a\u043e\u0442\u0442\u0435\u0434\u0436\u043d\u044b\u0439 \u043f\u043e\u0441\u0435\u043b\u043e\u043a: None, \u0441\u043e\u0431\u0441\u0442\u0432\u0435\u043d\u043d\u0438\u043a: admin  , \u0437\u0430\u043a\u0430\u0437\u0447\u0438\u043a test ",
    "action_flag": 3,
    "change_message": ""
  }
},
{
  "model": "admin.logentry",
  "pk": 59,
  "fields": {
    "action_time": "2020-11-16T09:29:12.252Z",
    "user": 1,
    "content_type": 46,
    "object_id": "15",
    "object_repr": "\u0423\u0447\u0430\u0441\u0442\u043e\u043a \u041a\u0430\u0434\u0430\u0441\u0442\u0440\u043e\u0432\u044b\u0439 \u043d\u043e\u043c\u0435\u0440 12:15:1501002:20, \u041a\u043e\u0442\u0442\u0435\u0434\u0436\u043d\u044b\u0439 \u043f\u043e\u0441\u0435\u043b\u043e\u043a: None, \u0441\u043e\u0431\u0441\u0442\u0432\u0435\u043d\u043d\u0438\u043a: admin  , \u0437\u0430\u043a\u0430\u0437\u0447\u0438\u043a test ",
    "action_flag": 3,
    "change_message": ""
  }
},
{
  "model": "admin.logentry",
  "pk": 60,
  "fields": {
    "action_time": "2020-11-16T11:09:00.438Z",
    "user": 1,
    "content_type": 47,
    "object_id": "30",
    "object_repr": "\u0421\u043a\u0432\u0430\u0436\u0438\u043d\u0430 \u2116 6 ",
    "action_flag": 3,
    "change_message": ""
  }
},
{
  "model": "admin.logentry",
  "pk": 61,
  "fields": {
    "action_time": "2020-11-16T11:09:00.441Z",
    "user": 1,
    "content_type": 47,
    "object_id": "29",
    "object_repr": "\u0421\u043a\u0432\u0430\u0436\u0438\u043d\u0430 \u2116 5 ",
    "action_flag": 3,
    "change_message": ""
  }
},
{
  "model": "admin.logentry",
  "pk": 62,
  "fields": {
    "action_time": "2020-11-16T11:09:00.443Z",
    "user": 1,
    "content_type": 47,
    "object_id": "28",
    "object_repr": "\u0421\u043a\u0432\u0430\u0436\u0438\u043d\u0430 \u2116 2 ",
    "action_flag": 3,
    "change_message": ""
  }
},
{
  "model": "admin.logentry",
  "pk": 63,
  "fields": {
    "action_time": "2020-11-16T11:09:00.445Z",
    "user": 1,
    "content_type": 47,
    "object_id": "27",
    "object_repr": "\u0421\u043a\u0432\u0430\u0436\u0438\u043d\u0430 \u2116 4 ",
    "action_flag": 3,
    "change_message": ""
  }
},
{
  "model": "admin.logentry",
  "pk": 64,
  "fields": {
    "action_time": "2020-11-16T11:09:00.450Z",
    "user": 1,
    "content_type": 47,
    "object_id": "25",
    "object_repr": "\u0421\u043a\u0432\u0430\u0436\u0438\u043d\u0430 \u2116 3 ",
    "action_flag": 3,
    "change_message": ""
  }
},
{
  "model": "admin.logentry",
  "pk": 65,
  "fields": {
    "action_time": "2020-11-16T11:09:00.452Z",
    "user": 1,
    "content_type": 47,
    "object_id": "23",
    "object_repr": "\u0421\u043a\u0432\u0430\u0436\u0438\u043d\u0430 \u2116 1 ",
    "action_flag": 3,
    "change_message": ""
  }
},
{
  "model": "admin.logentry",
  "pk": 66,
  "fields": {
    "action_time": "2020-12-04T12:11:19.350Z",
    "user": 1,
    "content_type": 21,
    "object_id": "2",
    "object_repr": "2, \u041a\u043e\u0449\u0430\u043a\u043e\u0432\u0441\u043a\u0438\u0439 \u043a\u0438\u0440\u043f\u0438\u0447\u043d\u044b\u0439 \u0437\u0430\u0432\u043e\u0434, brick, ceramic, wall",
    "action_flag": 3,
    "change_message": ""
  }
},
{
  "model": "admin.logentry",
  "pk": 67,
  "fields": {
    "action_time": "2020-12-04T12:11:19.357Z",
    "user": 1,
    "content_type": 21,
    "object_id": "1",
    "object_repr": "1, \u0410\u043b\u0435\u043a\u0441\u0435\u0435\u0432\u0441\u043a\u0438\u0439 \u043a\u0438\u0440\u043f\u0438\u0447\u043d\u044b\u0439 \u0437\u0430\u0432\u043e\u0434, brick, ceramic, wall",
    "action_flag": 3,
    "change_message": ""
  }
},
{
  "model": "admin.logentry",
  "pk": 68,
  "fields": {
    "action_time": "2020-12-05T11:18:11.437Z",
    "user": 1,
    "content_type": 50,
    "object_id": "1",
    "object_repr": "\u0422\u0435\u043a\u0441\u0442\u0443\u0440\u0430 id 1, json:  , anyfile:  ",
    "action_flag": 1,
    "change_message": "[{\"added\": {}}]"
  }
},
{
  "model": "admin.logentry",
  "pk": 69,
  "fields": {
    "action_time": "2020-12-05T11:19:12.728Z",
    "user": 1,
    "content_type": 21,
    "object_id": "2",
    "object_repr": "2, \u0410\u043b\u0435\u043a\u0441\u0435\u0435\u0432\u0441\u043a\u0438\u0439 \u043a\u0438\u0440\u043f\u0438\u0447\u043d\u044b\u0439 \u0437\u0430\u0432\u043e\u0434, brick, ceramic",
    "action_flag": 1,
    "change_message": "[{\"added\": {}}]"
  }
},
{
  "model": "admin.logentry",
  "pk": 70,
  "fields": {
    "action_time": "2020-12-05T12:38:00.961Z",
    "user": 1,
    "content_type": 46,
    "object_id": "16",
    "object_repr": "\u0423\u0447\u0430\u0441\u0442\u043e\u043a \u041a\u0430\u0434\u0430\u0441\u0442\u0440\u043e\u0432\u044b\u0439 \u043d\u043e\u043c\u0435\u0440 12:15:1501002:20, \u041a\u043e\u0442\u0442\u0435\u0434\u0436\u043d\u044b\u0439 \u043f\u043e\u0441\u0435\u043b\u043e\u043a: None, \u0441\u043e\u0431\u0441\u0442\u0432\u0435\u043d\u043d\u0438\u043a: admin  , \u0437\u0430\u043a\u0430\u0437\u0447\u0438\u043a test ",
    "action_flag": 3,
    "change_message": ""
  }
},
{
  "model": "admin.logentry",
  "pk": 71,
  "fields": {
    "action_time": "2020-12-05T12:38:15.181Z",
    "user": 1,
    "content_type": 48,
    "object_id": "1",
    "object_repr": "\u041a\u0430\u0434\u0430\u0441\u0442\u0440\u043e\u0432\u044b\u0439 \u043d\u043e\u043c\u0435\u0440 12:15:1501002:20, \u041a\u043e\u0442\u0442\u0435\u0434\u0436\u043d\u044b\u0439 \u043f\u043e\u0441\u0435\u043b\u043e\u043a: None, \u0441\u043e\u0431\u0441\u0442\u0432\u0435\u043d\u043d\u0438\u043a: admin  ",
    "action_flag": 3,
    "change_message": ""
  }
},
{
  "model": "account.profile",
  "pk": 1,
  "fields": {
    "user": 3,
    "photo": "",
    "city": 3
  }
},
{
  "model": "account.profile",
  "pk": 2,
  "fields": {
    "user": 4,
    "photo": "",
    "city": 2
  }
},
{
  "model": "account.profile",
  "pk": 3,
  "fields": {
    "user": 5,
    "photo": "",
    "city": null
  }
},
{
  "model": "account.profile",
  "pk": 4,
  "fields": {
    "user": 8,
    "photo": "",
    "city": 1
  }
},
{
  "model": "account.profile",
  "pk": 5,
  "fields": {
    "user": 9,
    "photo": "",
    "city": 2
  }
},
{
  "model": "account.profile",
  "pk": 6,
  "fields": {
    "user": 1,
    "photo": "",
    "city": 3
  }
}
]
